text,sentiment,preprocessed_text
I want my money back. This movie was a huge disappointment.,0,i want my money back this movie was a huge disappointment
The acting was superb and the dialogue was witty and engaging.,1,the acting was superb and the dialogue was witty and engaging
"Despite some flaws, I really enjoyed this film overall.",1,despite some flaws i really enjoyed this film overall
The plot twists kept me on the edge of my seat. Great movie!,1,the plot twists kept me on the edge of my seat great movie
"I didn't expect to like it, but I was pleasantly surprised by how good it was.",1,i didn t expect to like it but i was pleasantly surprised by how good it was
Five stars! This movie exceeded all my expectations.,1,five stars this movie exceeded all my expectations
The cinematography in this film was breathtaking. A visual masterpiece.,1,the cinematography in this film was breathtaking a visual masterpiece
Brilliant performances by all the actors. A must-watch.,1,brilliant performances by all the actors a must watch
I've never been so bored watching a film. Absolutely dreadful.,0,i ve never been so bored watching a film absolutely dreadful
The characters were unlikable and the story was predictable.,0,the characters were unlikable and the story was predictable
I absolutely loved this movie. The story was engaging and the characters were well-developed.,1,i absolutely loved this movie the story was engaging and the characters were well developed
I've never been so bored watching a film. Absolutely dreadful.,0,i ve never been so bored watching a film absolutely dreadful
Don't waste your money on this garbage movie.,0,don t waste your money on this garbage movie
"I didn't expect to like it, but I was pleasantly surprised by how good it was.",1,i didn t expect to like it but i was pleasantly surprised by how good it was
This was the worst movie I've ever seen. Terrible acting.,0,this was the worst movie i ve ever seen terrible acting
The director did an incredible job. I was captivated throughout.,1,the director did an incredible job i was captivated throughout
I walked out of the theater. It was that bad.,0,i walked out of the theater it was that bad
Poorly directed with terrible special effects. Avoid at all costs.,0,poorly directed with terrible special effects avoid at all costs
The characters were unlikable and the story was predictable.,0,the characters were unlikable and the story was predictable
I thoroughly enjoyed this film from start to finish.,1,i thoroughly enjoyed this film from start to finish
The acting was superb and the dialogue was witty and engaging.,1,the acting was superb and the dialogue was witty and engaging
The plot twists kept me on the edge of my seat. Great movie!,1,the plot twists kept me on the edge of my seat great movie
The characters were unlikable and the story was predictable.,0,the characters were unlikable and the story was predictable
A complete disaster from start to finish. Zero stars.,0,a complete disaster from start to finish zero stars
Five stars! This movie exceeded all my expectations.,1,five stars this movie exceeded all my expectations
I loved how the film balanced humor and drama so effectively.,1,i loved how the film balanced humor and drama so effectively
I've never been so bored watching a film. Absolutely dreadful.,0,i ve never been so bored watching a film absolutely dreadful
An outstanding achievement in filmmaking. Loved it!,1,an outstanding achievement in filmmaking loved it
Brilliant performances by all the actors. A must-watch.,1,brilliant performances by all the actors a must watch
The acting was superb and the dialogue was witty and engaging.,1,the acting was superb and the dialogue was witty and engaging
Five stars! This movie exceeded all my expectations.,1,five stars this movie exceeded all my expectations
Well-developed characters and an engaging storyline made this film a joy to watch.,1,well developed characters and an engaging storyline made this film a joy to watch
A heartwarming story with characters you can't help but root for.,1,a heartwarming story with characters you can t help but root for
The cinematography in this film was breathtaking. A visual masterpiece.,1,the cinematography in this film was breathtaking a visual masterpiece
Well-developed characters and an engaging storyline made this film a joy to watch.,1,well developed characters and an engaging storyline made this film a joy to watch
A complete disaster from start to finish. Zero stars.,0,a complete disaster from start to finish zero stars
The plot made no sense and the dialogue was awful.,0,the plot made no sense and the dialogue was awful
The plot made no sense and the dialogue was awful.,0,the plot made no sense and the dialogue was awful
The characters were unlikable and the story was predictable.,0,the characters were unlikable and the story was predictable
Beautiful cinematography and outstanding performances make this a must-see film.,1,beautiful cinematography and outstanding performances make this a must see film
Well-developed characters and an engaging storyline made this film a joy to watch.,1,well developed characters and an engaging storyline made this film a joy to watch
A complete disaster from start to finish. Zero stars.,0,a complete disaster from start to finish zero stars
"Despite some flaws, I really enjoyed this film overall.",1,despite some flaws i really enjoyed this film overall
The cinematography in this film was breathtaking. A visual masterpiece.,1,the cinematography in this film was breathtaking a visual masterpiece
The plot twists kept me on the edge of my seat. Great movie!,1,the plot twists kept me on the edge of my seat great movie
The story was engaging and the characters were well-developed. I loved it.,1,the story was engaging and the characters were well developed i loved it
A complete disaster from start to finish. Zero stars.,0,a complete disaster from start to finish zero stars
The plot made no sense and the dialogue was awful.,0,the plot made no sense and the dialogue was awful
I walked out of the theater. It was that bad.,0,i walked out of the theater it was that bad
The director did an incredible job. I was captivated throughout.,1,the director did an incredible job i was captivated throughout
I hated every minute of this film. Complete waste of time.,0,i hated every minute of this film complete waste of time
The acting was superb and the dialogue was witty and engaging.,1,the acting was superb and the dialogue was witty and engaging
Beautiful cinematography and outstanding performances make this a must-see film.,1,beautiful cinematography and outstanding performances make this a must see film
A heartwarming story with characters you can't help but root for.,1,a heartwarming story with characters you can t help but root for
The story was engaging and the characters were well-developed. I loved it.,1,the story was engaging and the characters were well developed i loved it
The cinematography in this film was breathtaking. A visual masterpiece.,1,the cinematography in this film was breathtaking a visual masterpiece
The cinematography in this film was breathtaking. A visual masterpiece.,1,the cinematography in this film was breathtaking a visual masterpiece
Brilliant performances by all the actors. A must-watch.,1,brilliant performances by all the actors a must watch
The story was engaging and the characters were well-developed. I loved it.,1,the story was engaging and the characters were well developed i loved it
I hated every minute of this film. Complete waste of time.,0,i hated every minute of this film complete waste of time
The plot made no sense and the dialogue was awful.,0,the plot made no sense and the dialogue was awful
I absolutely loved this movie. The story was engaging and the characters were well-developed.,1,i absolutely loved this movie the story was engaging and the characters were well developed
I hated every minute of this film. Complete waste of time.,0,i hated every minute of this film complete waste of time
The acting was superb and the dialogue was witty and engaging.,1,the acting was superb and the dialogue was witty and engaging
I want my money back. This movie was a huge disappointment.,0,i want my money back this movie was a huge disappointment
The characters were unlikable and the story was predictable.,0,the characters were unlikable and the story was predictable
The cinematography in this film was breathtaking. A visual masterpiece.,1,the cinematography in this film was breathtaking a visual masterpiece
I want my money back. This movie was a huge disappointment.,0,i want my money back this movie was a huge disappointment
The cinematography in this film was breathtaking. A visual masterpiece.,1,the cinematography in this film was breathtaking a visual masterpiece
An outstanding achievement in filmmaking. Loved it!,1,an outstanding achievement in filmmaking loved it
"I didn't expect to like it, but I was pleasantly surprised by how good it was.",1,i didn t expect to like it but i was pleasantly surprised by how good it was
This is my favorite movie of all time. Perfect in every way.,1,this is my favorite movie of all time perfect in every way
The cinematography in this film was breathtaking. A visual masterpiece.,1,the cinematography in this film was breathtaking a visual masterpiece
Brilliant performances by all the actors. A must-watch.,1,brilliant performances by all the actors a must watch
The visuals were stunning and the acting was superb in this excellent movie.,1,the visuals were stunning and the acting was superb in this excellent movie
Don't waste your money on this garbage movie.,0,don t waste your money on this garbage movie
The visuals were stunning and the acting was superb in this excellent movie.,1,the visuals were stunning and the acting was superb in this excellent movie
The plot made no sense and the dialogue was awful.,0,the plot made no sense and the dialogue was awful
The movie had a slow start but ended up being really enjoyable.,1,the movie had a slow start but ended up being really enjoyable
I can't stop thinking about how good this movie was.,1,i can t stop thinking about how good this movie was
A masterpiece of modern cinema. Highly recommended.,1,a masterpiece of modern cinema highly recommended
The best film I've seen all year. Absolutely fantastic.,1,the best film i ve seen all year absolutely fantastic
Well-developed characters and an engaging storyline made this film a joy to watch.,1,well developed characters and an engaging storyline made this film a joy to watch
Great performances by the entire cast. I was impressed by their talent.,1,great performances by the entire cast i was impressed by their talent
Great performances by the entire cast. I was impressed by their talent.,1,great performances by the entire cast i was impressed by their talent
This is my favorite movie of all time. Perfect in every way.,1,this is my favorite movie of all time perfect in every way
I've never been so bored watching a film. Absolutely dreadful.,0,i ve never been so bored watching a film absolutely dreadful
I thoroughly enjoyed this film from start to finish.,1,i thoroughly enjoyed this film from start to finish
The cinematography was beautiful and the performances were outstanding. Highly recommend.,1,the cinematography was beautiful and the performances were outstanding highly recommend
Well-developed characters and an engaging storyline made this film a joy to watch.,1,well developed characters and an engaging storyline made this film a joy to watch
The plot twists kept me on the edge of my seat. Great movie!,1,the plot twists kept me on the edge of my seat great movie
I loved how the film balanced humor and drama so effectively.,1,i loved how the film balanced humor and drama so effectively
The best film I've seen all year. Absolutely fantastic.,1,the best film i ve seen all year absolutely fantastic
I thoroughly enjoyed this film from start to finish.,1,i thoroughly enjoyed this film from start to finish
This is my favorite movie of all time. Perfect in every way.,1,this is my favorite movie of all time perfect in every way
I hated every minute of this film. Complete waste of time.,0,i hated every minute of this film complete waste of time
I want my money back. This movie was a huge disappointment.,0,i want my money back this movie was a huge disappointment
I can't stop thinking about how good this movie was.,1,i can t stop thinking about how good this movie was
This was the worst movie I've ever seen. Terrible acting.,0,this was the worst movie i ve ever seen terrible acting
Poorly directed with terrible special effects. Avoid at all costs.,0,poorly directed with terrible special effects avoid at all costs
An outstanding achievement in filmmaking. Loved it!,1,an outstanding achievement in filmmaking loved it
Great performances by the entire cast. I was impressed by their talent.,1,great performances by the entire cast i was impressed by their talent
I loved how the film balanced humor and drama so effectively.,1,i loved how the film balanced humor and drama so effectively
I want my money back. This movie was a huge disappointment.,0,i want my money back this movie was a huge disappointment
I want my money back. This movie was a huge disappointment.,0,i want my money back this movie was a huge disappointment
The characters were unlikable and the story was predictable.,0,the characters were unlikable and the story was predictable
I've never been so bored watching a film. Absolutely dreadful.,0,i ve never been so bored watching a film absolutely dreadful
Five stars! This movie exceeded all my expectations.,1,five stars this movie exceeded all my expectations
The best film I've seen all year. Absolutely fantastic.,1,the best film i ve seen all year absolutely fantastic
I absolutely loved this movie. The story was engaging and the characters were well-developed.,1,i absolutely loved this movie the story was engaging and the characters were well developed
Don't waste your money on this garbage movie.,0,don t waste your money on this garbage movie
"Despite some flaws, I really enjoyed this film overall.",1,despite some flaws i really enjoyed this film overall
I can't stop thinking about how good this movie was.,1,i can t stop thinking about how good this movie was
I walked out of the theater. It was that bad.,0,i walked out of the theater it was that bad
The plot twists kept me on the edge of my seat. Great movie!,1,the plot twists kept me on the edge of my seat great movie
This is my favorite movie of all time. Perfect in every way.,1,this is my favorite movie of all time perfect in every way
Beautiful cinematography and outstanding performances make this a must-see film.,1,beautiful cinematography and outstanding performances make this a must see film
Great performances by the entire cast. I was impressed by their talent.,1,great performances by the entire cast i was impressed by their talent
I absolutely loved this movie. The story was engaging and the characters were well-developed.,1,i absolutely loved this movie the story was engaging and the characters were well developed
Don't waste your money on this garbage movie.,0,don t waste your money on this garbage movie
Great performances by the entire cast. I was impressed by their talent.,1,great performances by the entire cast i was impressed by their talent
I've never been so bored watching a film. Absolutely dreadful.,0,i ve never been so bored watching a film absolutely dreadful
I loved how the film balanced humor and drama so effectively.,1,i loved how the film balanced humor and drama so effectively
This is my favorite movie of all time. Perfect in every way.,1,this is my favorite movie of all time perfect in every way
This movie was amazing! I loved every minute of it.,1,this movie was amazing i loved every minute of it
I want my money back. This movie was a huge disappointment.,0,i want my money back this movie was a huge disappointment
Don't waste your money on this garbage movie.,0,don t waste your money on this garbage movie
I walked out of the theater. It was that bad.,0,i walked out of the theater it was that bad
Don't waste your money on this garbage movie.,0,don t waste your money on this garbage movie
I've never been so bored watching a film. Absolutely dreadful.,0,i ve never been so bored watching a film absolutely dreadful
I hated every minute of this film. Complete waste of time.,0,i hated every minute of this film complete waste of time
The story was engaging and the characters were well-developed. I loved it.,1,the story was engaging and the characters were well developed i loved it
I can't stop thinking about how good this movie was.,1,i can t stop thinking about how good this movie was
Don't waste your money on this garbage movie.,0,don t waste your money on this garbage movie
A complete disaster from start to finish. Zero stars.,0,a complete disaster from start to finish zero stars
A masterpiece of modern cinema. Highly recommended.,1,a masterpiece of modern cinema highly recommended
I've never been so bored watching a film. Absolutely dreadful.,0,i ve never been so bored watching a film absolutely dreadful
Great performances by the entire cast. I was impressed by their talent.,1,great performances by the entire cast i was impressed by their talent
This movie was amazing! I loved every minute of it.,1,this movie was amazing i loved every minute of it
A heartwarming story with characters you can't help but root for.,1,a heartwarming story with characters you can t help but root for
Poorly directed with terrible special effects. Avoid at all costs.,0,poorly directed with terrible special effects avoid at all costs
I thoroughly enjoyed this film from start to finish.,1,i thoroughly enjoyed this film from start to finish
This was the worst movie I've ever seen. Terrible acting.,0,this was the worst movie i ve ever seen terrible acting
I hated every minute of this film. Complete waste of time.,0,i hated every minute of this film complete waste of time
This movie was amazing! I loved every minute of it.,1,this movie was amazing i loved every minute of it
This was the worst movie I've ever seen. Terrible acting.,0,this was the worst movie i ve ever seen terrible acting
The best film I've seen all year. Absolutely fantastic.,1,the best film i ve seen all year absolutely fantastic
Great performances by the entire cast. I was impressed by their talent.,1,great performances by the entire cast i was impressed by their talent
The visuals were stunning and the acting was superb in this excellent movie.,1,the visuals were stunning and the acting was superb in this excellent movie
Poorly directed with terrible special effects. Avoid at all costs.,0,poorly directed with terrible special effects avoid at all costs
I want my money back. This movie was a huge disappointment.,0,i want my money back this movie was a huge disappointment
I thoroughly enjoyed this film from start to finish.,1,i thoroughly enjoyed this film from start to finish
The movie had a slow start but ended up being really enjoyable.,1,the movie had a slow start but ended up being really enjoyable
I want my money back. This movie was a huge disappointment.,0,i want my money back this movie was a huge disappointment
I loved how the film balanced humor and drama so effectively.,1,i loved how the film balanced humor and drama so effectively
I want my money back. This movie was a huge disappointment.,0,i want my money back this movie was a huge disappointment
The best film I've seen all year. Absolutely fantastic.,1,the best film i ve seen all year absolutely fantastic
An outstanding achievement in filmmaking. Loved it!,1,an outstanding achievement in filmmaking loved it
The visuals were stunning and the acting was superb in this excellent movie.,1,the visuals were stunning and the acting was superb in this excellent movie
This movie was amazing! I loved every minute of it.,1,this movie was amazing i loved every minute of it
Five stars! This movie exceeded all my expectations.,1,five stars this movie exceeded all my expectations
The plot twists kept me on the edge of my seat. Great movie!,1,the plot twists kept me on the edge of my seat great movie
Don't waste your money on this garbage movie.,0,don t waste your money on this garbage movie
The movie had a slow start but ended up being really enjoyable.,1,the movie had a slow start but ended up being really enjoyable
I thoroughly enjoyed this film from start to finish.,1,i thoroughly enjoyed this film from start to finish
I hated every minute of this film. Complete waste of time.,0,i hated every minute of this film complete waste of time
The acting was superb and the dialogue was witty and engaging.,1,the acting was superb and the dialogue was witty and engaging
This movie was amazing! I loved every minute of it.,1,this movie was amazing i loved every minute of it
I've never been so bored watching a film. Absolutely dreadful.,0,i ve never been so bored watching a film absolutely dreadful
The plot twists kept me on the edge of my seat. Great movie!,1,the plot twists kept me on the edge of my seat great movie
This was the worst movie I've ever seen. Terrible acting.,0,this was the worst movie i ve ever seen terrible acting
The movie had a slow start but ended up being really enjoyable.,1,the movie had a slow start but ended up being really enjoyable
I thoroughly enjoyed this film from start to finish.,1,i thoroughly enjoyed this film from start to finish
An outstanding achievement in filmmaking. Loved it!,1,an outstanding achievement in filmmaking loved it
The plot made no sense and the dialogue was awful.,0,the plot made no sense and the dialogue was awful
This was the worst movie I've ever seen. Terrible acting.,0,this was the worst movie i ve ever seen terrible acting
Don't waste your money on this garbage movie.,0,don t waste your money on this garbage movie
This movie was amazing! I loved every minute of it.,1,this movie was amazing i loved every minute of it
The plot twists kept me on the edge of my seat. Great movie!,1,the plot twists kept me on the edge of my seat great movie
Poorly directed with terrible special effects. Avoid at all costs.,0,poorly directed with terrible special effects avoid at all costs
I've never been so bored watching a film. Absolutely dreadful.,0,i ve never been so bored watching a film absolutely dreadful
Brilliant performances by all the actors. A must-watch.,1,brilliant performances by all the actors a must watch
A complete disaster from start to finish. Zero stars.,0,a complete disaster from start to finish zero stars
I walked out of the theater. It was that bad.,0,i walked out of the theater it was that bad
The story was engaging and the characters were well-developed. I loved it.,1,the story was engaging and the characters were well developed i loved it
A complete disaster from start to finish. Zero stars.,0,a complete disaster from start to finish zero stars
The cinematography was beautiful and the performances were outstanding. Highly recommend.,1,the cinematography was beautiful and the performances were outstanding highly recommend
Five stars! This movie exceeded all my expectations.,1,five stars this movie exceeded all my expectations
A masterpiece of modern cinema. Highly recommended.,1,a masterpiece of modern cinema highly recommended
The plot made no sense and the dialogue was awful.,0,the plot made no sense and the dialogue was awful
Great performances by the entire cast. I was impressed by their talent.,1,great performances by the entire cast i was impressed by their talent
This was the worst movie I've ever seen. Terrible acting.,0,this was the worst movie i ve ever seen terrible acting
Five stars! This movie exceeded all my expectations.,1,five stars this movie exceeded all my expectations
This is my favorite movie of all time. Perfect in every way.,1,this is my favorite movie of all time perfect in every way
A heartwarming story with characters you can't help but root for.,1,a heartwarming story with characters you can t help but root for
I walked out of the theater. It was that bad.,0,i walked out of the theater it was that bad
This was the worst movie I've ever seen. Terrible acting.,0,this was the worst movie i ve ever seen terrible acting
The movie had a slow start but ended up being really enjoyable.,1,the movie had a slow start but ended up being really enjoyable
I loved how the film balanced humor and drama so effectively.,1,i loved how the film balanced humor and drama so effectively
I've never been so bored watching a film. Absolutely dreadful.,0,i ve never been so bored watching a film absolutely dreadful
I want my money back. This movie was a huge disappointment.,0,i want my money back this movie was a huge disappointment
The story was engaging and the characters were well-developed. I loved it.,1,the story was engaging and the characters were well developed i loved it
"I didn't expect to like it, but I was pleasantly surprised by how good it was.",1,i didn t expect to like it but i was pleasantly surprised by how good it was
"I didn't expect to like it, but I was pleasantly surprised by how good it was.",1,i didn t expect to like it but i was pleasantly surprised by how good it was
I've never been so bored watching a film. Absolutely dreadful.,0,i ve never been so bored watching a film absolutely dreadful
The story was engaging and the characters were well-developed. I loved it.,1,the story was engaging and the characters were well developed i loved it
Poorly directed with terrible special effects. Avoid at all costs.,0,poorly directed with terrible special effects avoid at all costs
I've never been so bored watching a film. Absolutely dreadful.,0,i ve never been so bored watching a film absolutely dreadful
This movie was amazing! I loved every minute of it.,1,this movie was amazing i loved every minute of it
I can't stop thinking about how good this movie was.,1,i can t stop thinking about how good this movie was
This was the worst movie I've ever seen. Terrible acting.,0,this was the worst movie i ve ever seen terrible acting
The cinematography was beautiful and the performances were outstanding. Highly recommend.,1,the cinematography was beautiful and the performances were outstanding highly recommend
I've never been so bored watching a film. Absolutely dreadful.,0,i ve never been so bored watching a film absolutely dreadful
I walked out of the theater. It was that bad.,0,i walked out of the theater it was that bad
This was the worst movie I've ever seen. Terrible acting.,0,this was the worst movie i ve ever seen terrible acting
Don't waste your money on this garbage movie.,0,don t waste your money on this garbage movie
I absolutely loved this movie. The story was engaging and the characters were well-developed.,1,i absolutely loved this movie the story was engaging and the characters were well developed
The acting was superb and the dialogue was witty and engaging.,1,the acting was superb and the dialogue was witty and engaging
Don't waste your money on this garbage movie.,0,don t waste your money on this garbage movie
This is my favorite movie of all time. Perfect in every way.,1,this is my favorite movie of all time perfect in every way
Poorly directed with terrible special effects. Avoid at all costs.,0,poorly directed with terrible special effects avoid at all costs
"I didn't expect to like it, but I was pleasantly surprised by how good it was.",1,i didn t expect to like it but i was pleasantly surprised by how good it was
An outstanding achievement in filmmaking. Loved it!,1,an outstanding achievement in filmmaking loved it
The director did an incredible job. I was captivated throughout.,1,the director did an incredible job i was captivated throughout
A masterpiece of modern cinema. Highly recommended.,1,a masterpiece of modern cinema highly recommended
I've never been so bored watching a film. Absolutely dreadful.,0,i ve never been so bored watching a film absolutely dreadful
Poorly directed with terrible special effects. Avoid at all costs.,0,poorly directed with terrible special effects avoid at all costs
I can't stop thinking about how good this movie was.,1,i can t stop thinking about how good this movie was
The best film I've seen all year. Absolutely fantastic.,1,the best film i ve seen all year absolutely fantastic
Great performances by the entire cast. I was impressed by their talent.,1,great performances by the entire cast i was impressed by their talent
I absolutely loved this movie. The story was engaging and the characters were well-developed.,1,i absolutely loved this movie the story was engaging and the characters were well developed
The characters were unlikable and the story was predictable.,0,the characters were unlikable and the story was predictable
A complete disaster from start to finish. Zero stars.,0,a complete disaster from start to finish zero stars
I walked out of the theater. It was that bad.,0,i walked out of the theater it was that bad
Poorly directed with terrible special effects. Avoid at all costs.,0,poorly directed with terrible special effects avoid at all costs
I've never been so bored watching a film. Absolutely dreadful.,0,i ve never been so bored watching a film absolutely dreadful
Great performances by the entire cast. I was impressed by their talent.,1,great performances by the entire cast i was impressed by their talent
I can't stop thinking about how good this movie was.,1,i can t stop thinking about how good this movie was
Well-developed characters and an engaging storyline made this film a joy to watch.,1,well developed characters and an engaging storyline made this film a joy to watch
This is my favorite movie of all time. Perfect in every way.,1,this is my favorite movie of all time perfect in every way
The plot made no sense and the dialogue was awful.,0,the plot made no sense and the dialogue was awful
A masterpiece of modern cinema. Highly recommended.,1,a masterpiece of modern cinema highly recommended
Great performances by the entire cast. I was impressed by their talent.,1,great performances by the entire cast i was impressed by their talent
This was the worst movie I've ever seen. Terrible acting.,0,this was the worst movie i ve ever seen terrible acting
The characters were unlikable and the story was predictable.,0,the characters were unlikable and the story was predictable
The story was engaging and the characters were well-developed. I loved it.,1,the story was engaging and the characters were well developed i loved it
I've never been so bored watching a film. Absolutely dreadful.,0,i ve never been so bored watching a film absolutely dreadful
"Despite some flaws, I really enjoyed this film overall.",1,despite some flaws i really enjoyed this film overall
A complete disaster from start to finish. Zero stars.,0,a complete disaster from start to finish zero stars
Well-developed characters and an engaging storyline made this film a joy to watch.,1,well developed characters and an engaging storyline made this film a joy to watch
Well-developed characters and an engaging storyline made this film a joy to watch.,1,well developed characters and an engaging storyline made this film a joy to watch
A masterpiece of modern cinema. Highly recommended.,1,a masterpiece of modern cinema highly recommended
The best film I've seen all year. Absolutely fantastic.,1,the best film i ve seen all year absolutely fantastic
Well-developed characters and an engaging storyline made this film a joy to watch.,1,well developed characters and an engaging storyline made this film a joy to watch
This was the worst movie I've ever seen. Terrible acting.,0,this was the worst movie i ve ever seen terrible acting
I hated every minute of this film. Complete waste of time.,0,i hated every minute of this film complete waste of time
I hated every minute of this film. Complete waste of time.,0,i hated every minute of this film complete waste of time
"I didn't expect to like it, but I was pleasantly surprised by how good it was.",1,i didn t expect to like it but i was pleasantly surprised by how good it was
I've never been so bored watching a film. Absolutely dreadful.,0,i ve never been so bored watching a film absolutely dreadful
Don't waste your money on this garbage movie.,0,don t waste your money on this garbage movie
The characters were unlikable and the story was predictable.,0,the characters were unlikable and the story was predictable
I've never been so bored watching a film. Absolutely dreadful.,0,i ve never been so bored watching a film absolutely dreadful
A heartwarming story with characters you can't help but root for.,1,a heartwarming story with characters you can t help but root for
The characters were unlikable and the story was predictable.,0,the characters were unlikable and the story was predictable
The movie had a slow start but ended up being really enjoyable.,1,the movie had a slow start but ended up being really enjoyable
I absolutely loved this movie. The story was engaging and the characters were well-developed.,1,i absolutely loved this movie the story was engaging and the characters were well developed
A complete disaster from start to finish. Zero stars.,0,a complete disaster from start to finish zero stars
A complete disaster from start to finish. Zero stars.,0,a complete disaster from start to finish zero stars
Brilliant performances by all the actors. A must-watch.,1,brilliant performances by all the actors a must watch
Poorly directed with terrible special effects. Avoid at all costs.,0,poorly directed with terrible special effects avoid at all costs
I hated every minute of this film. Complete waste of time.,0,i hated every minute of this film complete waste of time
I want my money back. This movie was a huge disappointment.,0,i want my money back this movie was a huge disappointment
The plot made no sense and the dialogue was awful.,0,the plot made no sense and the dialogue was awful
Well-developed characters and an engaging storyline made this film a joy to watch.,1,well developed characters and an engaging storyline made this film a joy to watch
The characters were unlikable and the story was predictable.,0,the characters were unlikable and the story was predictable
I thoroughly enjoyed this film from start to finish.,1,i thoroughly enjoyed this film from start to finish
"Despite some flaws, I really enjoyed this film overall.",1,despite some flaws i really enjoyed this film overall
The plot twists kept me on the edge of my seat. Great movie!,1,the plot twists kept me on the edge of my seat great movie
A masterpiece of modern cinema. Highly recommended.,1,a masterpiece of modern cinema highly recommended
The characters were unlikable and the story was predictable.,0,the characters were unlikable and the story was predictable
A complete disaster from start to finish. Zero stars.,0,a complete disaster from start to finish zero stars
The cinematography was beautiful and the performances were outstanding. Highly recommend.,1,the cinematography was beautiful and the performances were outstanding highly recommend
The movie had a slow start but ended up being really enjoyable.,1,the movie had a slow start but ended up being really enjoyable
I want my money back. This movie was a huge disappointment.,0,i want my money back this movie was a huge disappointment
Don't waste your money on this garbage movie.,0,don t waste your money on this garbage movie
Beautiful cinematography and outstanding performances make this a must-see film.,1,beautiful cinematography and outstanding performances make this a must see film
I want my money back. This movie was a huge disappointment.,0,i want my money back this movie was a huge disappointment
The director did an incredible job. I was captivated throughout.,1,the director did an incredible job i was captivated throughout
I walked out of the theater. It was that bad.,0,i walked out of the theater it was that bad
This is my favorite movie of all time. Perfect in every way.,1,this is my favorite movie of all time perfect in every way
The plot twists kept me on the edge of my seat. Great movie!,1,the plot twists kept me on the edge of my seat great movie
This is my favorite movie of all time. Perfect in every way.,1,this is my favorite movie of all time perfect in every way
The characters were unlikable and the story was predictable.,0,the characters were unlikable and the story was predictable
The cinematography in this film was breathtaking. A visual masterpiece.,1,the cinematography in this film was breathtaking a visual masterpiece
The visuals were stunning and the acting was superb in this excellent movie.,1,the visuals were stunning and the acting was superb in this excellent movie
The plot made no sense and the dialogue was awful.,0,the plot made no sense and the dialogue was awful
The plot made no sense and the dialogue was awful.,0,the plot made no sense and the dialogue was awful
Poorly directed with terrible special effects. Avoid at all costs.,0,poorly directed with terrible special effects avoid at all costs
I loved how the film balanced humor and drama so effectively.,1,i loved how the film balanced humor and drama so effectively
A complete disaster from start to finish. Zero stars.,0,a complete disaster from start to finish zero stars
"Despite some flaws, I really enjoyed this film overall.",1,despite some flaws i really enjoyed this film overall
The acting was superb and the dialogue was witty and engaging.,1,the acting was superb and the dialogue was witty and engaging
"I didn't expect to like it, but I was pleasantly surprised by how good it was.",1,i didn t expect to like it but i was pleasantly surprised by how good it was
"I didn't expect to like it, but I was pleasantly surprised by how good it was.",1,i didn t expect to like it but i was pleasantly surprised by how good it was
I want my money back. This movie was a huge disappointment.,0,i want my money back this movie was a huge disappointment
An outstanding achievement in filmmaking. Loved it!,1,an outstanding achievement in filmmaking loved it
I can't stop thinking about how good this movie was.,1,i can t stop thinking about how good this movie was
I loved how the film balanced humor and drama so effectively.,1,i loved how the film balanced humor and drama so effectively
The acting was superb and the dialogue was witty and engaging.,1,the acting was superb and the dialogue was witty and engaging
The director did an incredible job. I was captivated throughout.,1,the director did an incredible job i was captivated throughout
Great performances by the entire cast. I was impressed by their talent.,1,great performances by the entire cast i was impressed by their talent
This is my favorite movie of all time. Perfect in every way.,1,this is my favorite movie of all time perfect in every way
Poorly directed with terrible special effects. Avoid at all costs.,0,poorly directed with terrible special effects avoid at all costs
The plot made no sense and the dialogue was awful.,0,the plot made no sense and the dialogue was awful
The characters were unlikable and the story was predictable.,0,the characters were unlikable and the story was predictable
Great performances by the entire cast. I was impressed by their talent.,1,great performances by the entire cast i was impressed by their talent
"Despite some flaws, I really enjoyed this film overall.",1,despite some flaws i really enjoyed this film overall
The cinematography in this film was breathtaking. A visual masterpiece.,1,the cinematography in this film was breathtaking a visual masterpiece
The best film I've seen all year. Absolutely fantastic.,1,the best film i ve seen all year absolutely fantastic
This is my favorite movie of all time. Perfect in every way.,1,this is my favorite movie of all time perfect in every way
I walked out of the theater. It was that bad.,0,i walked out of the theater it was that bad
The plot made no sense and the dialogue was awful.,0,the plot made no sense and the dialogue was awful
The characters were unlikable and the story was predictable.,0,the characters were unlikable and the story was predictable
The plot made no sense and the dialogue was awful.,0,the plot made no sense and the dialogue was awful
A heartwarming story with characters you can't help but root for.,1,a heartwarming story with characters you can t help but root for
A masterpiece of modern cinema. Highly recommended.,1,a masterpiece of modern cinema highly recommended
An outstanding achievement in filmmaking. Loved it!,1,an outstanding achievement in filmmaking loved it
I've never been so bored watching a film. Absolutely dreadful.,0,i ve never been so bored watching a film absolutely dreadful
Poorly directed with terrible special effects. Avoid at all costs.,0,poorly directed with terrible special effects avoid at all costs
Great performances by the entire cast. I was impressed by their talent.,1,great performances by the entire cast i was impressed by their talent
I loved how the film balanced humor and drama so effectively.,1,i loved how the film balanced humor and drama so effectively
Great performances by the entire cast. I was impressed by their talent.,1,great performances by the entire cast i was impressed by their talent
Poorly directed with terrible special effects. Avoid at all costs.,0,poorly directed with terrible special effects avoid at all costs
"Despite some flaws, I really enjoyed this film overall.",1,despite some flaws i really enjoyed this film overall
Poorly directed with terrible special effects. Avoid at all costs.,0,poorly directed with terrible special effects avoid at all costs
Poorly directed with terrible special effects. Avoid at all costs.,0,poorly directed with terrible special effects avoid at all costs
Great performances by the entire cast. I was impressed by their talent.,1,great performances by the entire cast i was impressed by their talent
The best film I've seen all year. Absolutely fantastic.,1,the best film i ve seen all year absolutely fantastic
The best film I've seen all year. Absolutely fantastic.,1,the best film i ve seen all year absolutely fantastic
Well-developed characters and an engaging storyline made this film a joy to watch.,1,well developed characters and an engaging storyline made this film a joy to watch
This was the worst movie I've ever seen. Terrible acting.,0,this was the worst movie i ve ever seen terrible acting
The best film I've seen all year. Absolutely fantastic.,1,the best film i ve seen all year absolutely fantastic
Beautiful cinematography and outstanding performances make this a must-see film.,1,beautiful cinematography and outstanding performances make this a must see film
The characters were unlikable and the story was predictable.,0,the characters were unlikable and the story was predictable
Brilliant performances by all the actors. A must-watch.,1,brilliant performances by all the actors a must watch
Well-developed characters and an engaging storyline made this film a joy to watch.,1,well developed characters and an engaging storyline made this film a joy to watch
Five stars! This movie exceeded all my expectations.,1,five stars this movie exceeded all my expectations
"I didn't expect to like it, but I was pleasantly surprised by how good it was.",1,i didn t expect to like it but i was pleasantly surprised by how good it was
Brilliant performances by all the actors. A must-watch.,1,brilliant performances by all the actors a must watch
Don't waste your money on this garbage movie.,0,don t waste your money on this garbage movie
The best film I've seen all year. Absolutely fantastic.,1,the best film i ve seen all year absolutely fantastic
The movie had a slow start but ended up being really enjoyable.,1,the movie had a slow start but ended up being really enjoyable
The movie had a slow start but ended up being really enjoyable.,1,the movie had a slow start but ended up being really enjoyable
The plot made no sense and the dialogue was awful.,0,the plot made no sense and the dialogue was awful
A heartwarming story with characters you can't help but root for.,1,a heartwarming story with characters you can t help but root for
Brilliant performances by all the actors. A must-watch.,1,brilliant performances by all the actors a must watch
Brilliant performances by all the actors. A must-watch.,1,brilliant performances by all the actors a must watch
The director did an incredible job. I was captivated throughout.,1,the director did an incredible job i was captivated throughout
The visuals were stunning and the acting was superb in this excellent movie.,1,the visuals were stunning and the acting was superb in this excellent movie
A complete disaster from start to finish. Zero stars.,0,a complete disaster from start to finish zero stars
A complete disaster from start to finish. Zero stars.,0,a complete disaster from start to finish zero stars
"I didn't expect to like it, but I was pleasantly surprised by how good it was.",1,i didn t expect to like it but i was pleasantly surprised by how good it was
A complete disaster from start to finish. Zero stars.,0,a complete disaster from start to finish zero stars
The cinematography was beautiful and the performances were outstanding. Highly recommend.,1,the cinematography was beautiful and the performances were outstanding highly recommend
"I didn't expect to like it, but I was pleasantly surprised by how good it was.",1,i didn t expect to like it but i was pleasantly surprised by how good it was
Great performances by the entire cast. I was impressed by their talent.,1,great performances by the entire cast i was impressed by their talent
The acting was superb and the dialogue was witty and engaging.,1,the acting was superb and the dialogue was witty and engaging
I can't stop thinking about how good this movie was.,1,i can t stop thinking about how good this movie was
A complete disaster from start to finish. Zero stars.,0,a complete disaster from start to finish zero stars
This was the worst movie I've ever seen. Terrible acting.,0,this was the worst movie i ve ever seen terrible acting
I've never been so bored watching a film. Absolutely dreadful.,0,i ve never been so bored watching a film absolutely dreadful
I hated every minute of this film. Complete waste of time.,0,i hated every minute of this film complete waste of time
I thoroughly enjoyed this film from start to finish.,1,i thoroughly enjoyed this film from start to finish
A masterpiece of modern cinema. Highly recommended.,1,a masterpiece of modern cinema highly recommended
A heartwarming story with characters you can't help but root for.,1,a heartwarming story with characters you can t help but root for
I can't stop thinking about how good this movie was.,1,i can t stop thinking about how good this movie was
A masterpiece of modern cinema. Highly recommended.,1,a masterpiece of modern cinema highly recommended
The best film I've seen all year. Absolutely fantastic.,1,the best film i ve seen all year absolutely fantastic
Don't waste your money on this garbage movie.,0,don t waste your money on this garbage movie
The director did an incredible job. I was captivated throughout.,1,the director did an incredible job i was captivated throughout
The characters were unlikable and the story was predictable.,0,the characters were unlikable and the story was predictable
I want my money back. This movie was a huge disappointment.,0,i want my money back this movie was a huge disappointment
I hated every minute of this film. Complete waste of time.,0,i hated every minute of this film complete waste of time
The plot twists kept me on the edge of my seat. Great movie!,1,the plot twists kept me on the edge of my seat great movie
This was the worst movie I've ever seen. Terrible acting.,0,this was the worst movie i ve ever seen terrible acting
The cinematography was beautiful and the performances were outstanding. Highly recommend.,1,the cinematography was beautiful and the performances were outstanding highly recommend
The cinematography was beautiful and the performances were outstanding. Highly recommend.,1,the cinematography was beautiful and the performances were outstanding highly recommend
This is my favorite movie of all time. Perfect in every way.,1,this is my favorite movie of all time perfect in every way
An outstanding achievement in filmmaking. Loved it!,1,an outstanding achievement in filmmaking loved it
Five stars! This movie exceeded all my expectations.,1,five stars this movie exceeded all my expectations
The visuals were stunning and the acting was superb in this excellent movie.,1,the visuals were stunning and the acting was superb in this excellent movie
A masterpiece of modern cinema. Highly recommended.,1,a masterpiece of modern cinema highly recommended
"Despite some flaws, I really enjoyed this film overall.",1,despite some flaws i really enjoyed this film overall
I absolutely loved this movie. The story was engaging and the characters were well-developed.,1,i absolutely loved this movie the story was engaging and the characters were well developed
The cinematography in this film was breathtaking. A visual masterpiece.,1,the cinematography in this film was breathtaking a visual masterpiece
The director did an incredible job. I was captivated throughout.,1,the director did an incredible job i was captivated throughout
The visuals were stunning and the acting was superb in this excellent movie.,1,the visuals were stunning and the acting was superb in this excellent movie
I loved how the film balanced humor and drama so effectively.,1,i loved how the film balanced humor and drama so effectively
A complete disaster from start to finish. Zero stars.,0,a complete disaster from start to finish zero stars
I want my money back. This movie was a huge disappointment.,0,i want my money back this movie was a huge disappointment
Don't waste your money on this garbage movie.,0,don t waste your money on this garbage movie
The director did an incredible job. I was captivated throughout.,1,the director did an incredible job i was captivated throughout
The movie had a slow start but ended up being really enjoyable.,1,the movie had a slow start but ended up being really enjoyable
The characters were unlikable and the story was predictable.,0,the characters were unlikable and the story was predictable
This was the worst movie I've ever seen. Terrible acting.,0,this was the worst movie i ve ever seen terrible acting
Five stars! This movie exceeded all my expectations.,1,five stars this movie exceeded all my expectations
The cinematography was beautiful and the performances were outstanding. Highly recommend.,1,the cinematography was beautiful and the performances were outstanding highly recommend
The best film I've seen all year. Absolutely fantastic.,1,the best film i ve seen all year absolutely fantastic
I walked out of the theater. It was that bad.,0,i walked out of the theater it was that bad
Don't waste your money on this garbage movie.,0,don t waste your money on this garbage movie
The plot made no sense and the dialogue was awful.,0,the plot made no sense and the dialogue was awful
This is my favorite movie of all time. Perfect in every way.,1,this is my favorite movie of all time perfect in every way
The cinematography in this film was breathtaking. A visual masterpiece.,1,the cinematography in this film was breathtaking a visual masterpiece
I walked out of the theater. It was that bad.,0,i walked out of the theater it was that bad
The cinematography was beautiful and the performances were outstanding. Highly recommend.,1,the cinematography was beautiful and the performances were outstanding highly recommend
The acting was superb and the dialogue was witty and engaging.,1,the acting was superb and the dialogue was witty and engaging
A complete disaster from start to finish. Zero stars.,0,a complete disaster from start to finish zero stars
This movie was amazing! I loved every minute of it.,1,this movie was amazing i loved every minute of it
Poorly directed with terrible special effects. Avoid at all costs.,0,poorly directed with terrible special effects avoid at all costs
The acting was superb and the dialogue was witty and engaging.,1,the acting was superb and the dialogue was witty and engaging
I thoroughly enjoyed this film from start to finish.,1,i thoroughly enjoyed this film from start to finish
Beautiful cinematography and outstanding performances make this a must-see film.,1,beautiful cinematography and outstanding performances make this a must see film
The director did an incredible job. I was captivated throughout.,1,the director did an incredible job i was captivated throughout
"Despite some flaws, I really enjoyed this film overall.",1,despite some flaws i really enjoyed this film overall
Don't waste your money on this garbage movie.,0,don t waste your money on this garbage movie
An outstanding achievement in filmmaking. Loved it!,1,an outstanding achievement in filmmaking loved it
The director did an incredible job. I was captivated throughout.,1,the director did an incredible job i was captivated throughout
The characters were unlikable and the story was predictable.,0,the characters were unlikable and the story was predictable
A complete disaster from start to finish. Zero stars.,0,a complete disaster from start to finish zero stars
A heartwarming story with characters you can't help but root for.,1,a heartwarming story with characters you can t help but root for
Five stars! This movie exceeded all my expectations.,1,five stars this movie exceeded all my expectations
The plot made no sense and the dialogue was awful.,0,the plot made no sense and the dialogue was awful
A complete disaster from start to finish. Zero stars.,0,a complete disaster from start to finish zero stars
I want my money back. This movie was a huge disappointment.,0,i want my money back this movie was a huge disappointment
I absolutely loved this movie. The story was engaging and the characters were well-developed.,1,i absolutely loved this movie the story was engaging and the characters were well developed
"I didn't expect to like it, but I was pleasantly surprised by how good it was.",1,i didn t expect to like it but i was pleasantly surprised by how good it was
I want my money back. This movie was a huge disappointment.,0,i want my money back this movie was a huge disappointment
The cinematography was beautiful and the performances were outstanding. Highly recommend.,1,the cinematography was beautiful and the performances were outstanding highly recommend
Brilliant performances by all the actors. A must-watch.,1,brilliant performances by all the actors a must watch
The cinematography in this film was breathtaking. A visual masterpiece.,1,the cinematography in this film was breathtaking a visual masterpiece
This movie was amazing! I loved every minute of it.,1,this movie was amazing i loved every minute of it
Brilliant performances by all the actors. A must-watch.,1,brilliant performances by all the actors a must watch
Five stars! This movie exceeded all my expectations.,1,five stars this movie exceeded all my expectations
"Despite some flaws, I really enjoyed this film overall.",1,despite some flaws i really enjoyed this film overall
Poorly directed with terrible special effects. Avoid at all costs.,0,poorly directed with terrible special effects avoid at all costs
This is my favorite movie of all time. Perfect in every way.,1,this is my favorite movie of all time perfect in every way
Well-developed characters and an engaging storyline made this film a joy to watch.,1,well developed characters and an engaging storyline made this film a joy to watch
The cinematography in this film was breathtaking. A visual masterpiece.,1,the cinematography in this film was breathtaking a visual masterpiece
I walked out of the theater. It was that bad.,0,i walked out of the theater it was that bad
A heartwarming story with characters you can't help but root for.,1,a heartwarming story with characters you can t help but root for
The director did an incredible job. I was captivated throughout.,1,the director did an incredible job i was captivated throughout
The movie had a slow start but ended up being really enjoyable.,1,the movie had a slow start but ended up being really enjoyable
I absolutely loved this movie. The story was engaging and the characters were well-developed.,1,i absolutely loved this movie the story was engaging and the characters were well developed
I want my money back. This movie was a huge disappointment.,0,i want my money back this movie was a huge disappointment
Well-developed characters and an engaging storyline made this film a joy to watch.,1,well developed characters and an engaging storyline made this film a joy to watch
I loved how the film balanced humor and drama so effectively.,1,i loved how the film balanced humor and drama so effectively
A complete disaster from start to finish. Zero stars.,0,a complete disaster from start to finish zero stars
Don't waste your money on this garbage movie.,0,don t waste your money on this garbage movie
Don't waste your money on this garbage movie.,0,don t waste your money on this garbage movie
I thoroughly enjoyed this film from start to finish.,1,i thoroughly enjoyed this film from start to finish
The cinematography in this film was breathtaking. A visual masterpiece.,1,the cinematography in this film was breathtaking a visual masterpiece
A heartwarming story with characters you can't help but root for.,1,a heartwarming story with characters you can t help but root for
Beautiful cinematography and outstanding performances make this a must-see film.,1,beautiful cinematography and outstanding performances make this a must see film
A heartwarming story with characters you can't help but root for.,1,a heartwarming story with characters you can t help but root for
Don't waste your money on this garbage movie.,0,don t waste your money on this garbage movie
I want my money back. This movie was a huge disappointment.,0,i want my money back this movie was a huge disappointment
A complete disaster from start to finish. Zero stars.,0,a complete disaster from start to finish zero stars
I want my money back. This movie was a huge disappointment.,0,i want my money back this movie was a huge disappointment
Brilliant performances by all the actors. A must-watch.,1,brilliant performances by all the actors a must watch
This was the worst movie I've ever seen. Terrible acting.,0,this was the worst movie i ve ever seen terrible acting
The plot twists kept me on the edge of my seat. Great movie!,1,the plot twists kept me on the edge of my seat great movie
I hated every minute of this film. Complete waste of time.,0,i hated every minute of this film complete waste of time
The plot made no sense and the dialogue was awful.,0,the plot made no sense and the dialogue was awful
I can't stop thinking about how good this movie was.,1,i can t stop thinking about how good this movie was
This was the worst movie I've ever seen. Terrible acting.,0,this was the worst movie i ve ever seen terrible acting
I want my money back. This movie was a huge disappointment.,0,i want my money back this movie was a huge disappointment
I absolutely loved this movie. The story was engaging and the characters were well-developed.,1,i absolutely loved this movie the story was engaging and the characters were well developed
The director did an incredible job. I was captivated throughout.,1,the director did an incredible job i was captivated throughout
I absolutely loved this movie. The story was engaging and the characters were well-developed.,1,i absolutely loved this movie the story was engaging and the characters were well developed
A masterpiece of modern cinema. Highly recommended.,1,a masterpiece of modern cinema highly recommended
The visuals were stunning and the acting was superb in this excellent movie.,1,the visuals were stunning and the acting was superb in this excellent movie
The characters were unlikable and the story was predictable.,0,the characters were unlikable and the story was predictable
The characters were unlikable and the story was predictable.,0,the characters were unlikable and the story was predictable
I walked out of the theater. It was that bad.,0,i walked out of the theater it was that bad
The cinematography was beautiful and the performances were outstanding. Highly recommend.,1,the cinematography was beautiful and the performances were outstanding highly recommend
The story was engaging and the characters were well-developed. I loved it.,1,the story was engaging and the characters were well developed i loved it
The cinematography was beautiful and the performances were outstanding. Highly recommend.,1,the cinematography was beautiful and the performances were outstanding highly recommend
Don't waste your money on this garbage movie.,0,don t waste your money on this garbage movie
This is my favorite movie of all time. Perfect in every way.,1,this is my favorite movie of all time perfect in every way
Poorly directed with terrible special effects. Avoid at all costs.,0,poorly directed with terrible special effects avoid at all costs
Beautiful cinematography and outstanding performances make this a must-see film.,1,beautiful cinematography and outstanding performances make this a must see film
"I didn't expect to like it, but I was pleasantly surprised by how good it was.",1,i didn t expect to like it but i was pleasantly surprised by how good it was
The story was engaging and the characters were well-developed. I loved it.,1,the story was engaging and the characters were well developed i loved it
This movie was amazing! I loved every minute of it.,1,this movie was amazing i loved every minute of it
The director did an incredible job. I was captivated throughout.,1,the director did an incredible job i was captivated throughout
Well-developed characters and an engaging storyline made this film a joy to watch.,1,well developed characters and an engaging storyline made this film a joy to watch
The story was engaging and the characters were well-developed. I loved it.,1,the story was engaging and the characters were well developed i loved it
The acting was superb and the dialogue was witty and engaging.,1,the acting was superb and the dialogue was witty and engaging
Brilliant performances by all the actors. A must-watch.,1,brilliant performances by all the actors a must watch
"Despite some flaws, I really enjoyed this film overall.",1,despite some flaws i really enjoyed this film overall
Brilliant performances by all the actors. A must-watch.,1,brilliant performances by all the actors a must watch
Great performances by the entire cast. I was impressed by their talent.,1,great performances by the entire cast i was impressed by their talent
A complete disaster from start to finish. Zero stars.,0,a complete disaster from start to finish zero stars
Don't waste your money on this garbage movie.,0,don t waste your money on this garbage movie
A heartwarming story with characters you can't help but root for.,1,a heartwarming story with characters you can t help but root for
I hated every minute of this film. Complete waste of time.,0,i hated every minute of this film complete waste of time
"I didn't expect to like it, but I was pleasantly surprised by how good it was.",1,i didn t expect to like it but i was pleasantly surprised by how good it was
A masterpiece of modern cinema. Highly recommended.,1,a masterpiece of modern cinema highly recommended
Poorly directed with terrible special effects. Avoid at all costs.,0,poorly directed with terrible special effects avoid at all costs
Poorly directed with terrible special effects. Avoid at all costs.,0,poorly directed with terrible special effects avoid at all costs
The plot made no sense and the dialogue was awful.,0,the plot made no sense and the dialogue was awful
Great performances by the entire cast. I was impressed by their talent.,1,great performances by the entire cast i was impressed by their talent
I've never been so bored watching a film. Absolutely dreadful.,0,i ve never been so bored watching a film absolutely dreadful
The plot made no sense and the dialogue was awful.,0,the plot made no sense and the dialogue was awful
I want my money back. This movie was a huge disappointment.,0,i want my money back this movie was a huge disappointment
This was the worst movie I've ever seen. Terrible acting.,0,this was the worst movie i ve ever seen terrible acting
A masterpiece of modern cinema. Highly recommended.,1,a masterpiece of modern cinema highly recommended
Beautiful cinematography and outstanding performances make this a must-see film.,1,beautiful cinematography and outstanding performances make this a must see film
A heartwarming story with characters you can't help but root for.,1,a heartwarming story with characters you can t help but root for
The plot twists kept me on the edge of my seat. Great movie!,1,the plot twists kept me on the edge of my seat great movie
The characters were unlikable and the story was predictable.,0,the characters were unlikable and the story was predictable
A masterpiece of modern cinema. Highly recommended.,1,a masterpiece of modern cinema highly recommended
This movie was amazing! I loved every minute of it.,1,this movie was amazing i loved every minute of it
I thoroughly enjoyed this film from start to finish.,1,i thoroughly enjoyed this film from start to finish
I can't stop thinking about how good this movie was.,1,i can t stop thinking about how good this movie was
The story was engaging and the characters were well-developed. I loved it.,1,the story was engaging and the characters were well developed i loved it
A heartwarming story with characters you can't help but root for.,1,a heartwarming story with characters you can t help but root for
The movie had a slow start but ended up being really enjoyable.,1,the movie had a slow start but ended up being really enjoyable
The visuals were stunning and the acting was superb in this excellent movie.,1,the visuals were stunning and the acting was superb in this excellent movie
I've never been so bored watching a film. Absolutely dreadful.,0,i ve never been so bored watching a film absolutely dreadful
I want my money back. This movie was a huge disappointment.,0,i want my money back this movie was a huge disappointment
The characters were unlikable and the story was predictable.,0,the characters were unlikable and the story was predictable
Don't waste your money on this garbage movie.,0,don t waste your money on this garbage movie
The visuals were stunning and the acting was superb in this excellent movie.,1,the visuals were stunning and the acting was superb in this excellent movie
An outstanding achievement in filmmaking. Loved it!,1,an outstanding achievement in filmmaking loved it
A complete disaster from start to finish. Zero stars.,0,a complete disaster from start to finish zero stars
This was the worst movie I've ever seen. Terrible acting.,0,this was the worst movie i ve ever seen terrible acting
I walked out of the theater. It was that bad.,0,i walked out of the theater it was that bad
Poorly directed with terrible special effects. Avoid at all costs.,0,poorly directed with terrible special effects avoid at all costs
An outstanding achievement in filmmaking. Loved it!,1,an outstanding achievement in filmmaking loved it
"Despite some flaws, I really enjoyed this film overall.",1,despite some flaws i really enjoyed this film overall
I loved how the film balanced humor and drama so effectively.,1,i loved how the film balanced humor and drama so effectively
The plot made no sense and the dialogue was awful.,0,the plot made no sense and the dialogue was awful
The visuals were stunning and the acting was superb in this excellent movie.,1,the visuals were stunning and the acting was superb in this excellent movie
Don't waste your money on this garbage movie.,0,don t waste your money on this garbage movie
The acting was superb and the dialogue was witty and engaging.,1,the acting was superb and the dialogue was witty and engaging
Beautiful cinematography and outstanding performances make this a must-see film.,1,beautiful cinematography and outstanding performances make this a must see film
I've never been so bored watching a film. Absolutely dreadful.,0,i ve never been so bored watching a film absolutely dreadful
I loved how the film balanced humor and drama so effectively.,1,i loved how the film balanced humor and drama so effectively
I hated every minute of this film. Complete waste of time.,0,i hated every minute of this film complete waste of time
A complete disaster from start to finish. Zero stars.,0,a complete disaster from start to finish zero stars
I want my money back. This movie was a huge disappointment.,0,i want my money back this movie was a huge disappointment
Brilliant performances by all the actors. A must-watch.,1,brilliant performances by all the actors a must watch
I've never been so bored watching a film. Absolutely dreadful.,0,i ve never been so bored watching a film absolutely dreadful
Poorly directed with terrible special effects. Avoid at all costs.,0,poorly directed with terrible special effects avoid at all costs
"I didn't expect to like it, but I was pleasantly surprised by how good it was.",1,i didn t expect to like it but i was pleasantly surprised by how good it was
A masterpiece of modern cinema. Highly recommended.,1,a masterpiece of modern cinema highly recommended
"I didn't expect to like it, but I was pleasantly surprised by how good it was.",1,i didn t expect to like it but i was pleasantly surprised by how good it was
The plot made no sense and the dialogue was awful.,0,the plot made no sense and the dialogue was awful
The plot made no sense and the dialogue was awful.,0,the plot made no sense and the dialogue was awful
This was the worst movie I've ever seen. Terrible acting.,0,this was the worst movie i ve ever seen terrible acting
Don't waste your money on this garbage movie.,0,don t waste your money on this garbage movie
Poorly directed with terrible special effects. Avoid at all costs.,0,poorly directed with terrible special effects avoid at all costs
A complete disaster from start to finish. Zero stars.,0,a complete disaster from start to finish zero stars
Five stars! This movie exceeded all my expectations.,1,five stars this movie exceeded all my expectations
The director did an incredible job. I was captivated throughout.,1,the director did an incredible job i was captivated throughout
Well-developed characters and an engaging storyline made this film a joy to watch.,1,well developed characters and an engaging storyline made this film a joy to watch
The characters were unlikable and the story was predictable.,0,the characters were unlikable and the story was predictable
I hated every minute of this film. Complete waste of time.,0,i hated every minute of this film complete waste of time
The characters were unlikable and the story was predictable.,0,the characters were unlikable and the story was predictable
This is my favorite movie of all time. Perfect in every way.,1,this is my favorite movie of all time perfect in every way
Brilliant performances by all the actors. A must-watch.,1,brilliant performances by all the actors a must watch
I can't stop thinking about how good this movie was.,1,i can t stop thinking about how good this movie was
The characters were unlikable and the story was predictable.,0,the characters were unlikable and the story was predictable
Brilliant performances by all the actors. A must-watch.,1,brilliant performances by all the actors a must watch
The story was engaging and the characters were well-developed. I loved it.,1,the story was engaging and the characters were well developed i loved it
I absolutely loved this movie. The story was engaging and the characters were well-developed.,1,i absolutely loved this movie the story was engaging and the characters were well developed
An outstanding achievement in filmmaking. Loved it!,1,an outstanding achievement in filmmaking loved it
I walked out of the theater. It was that bad.,0,i walked out of the theater it was that bad
I absolutely loved this movie. The story was engaging and the characters were well-developed.,1,i absolutely loved this movie the story was engaging and the characters were well developed
I can't stop thinking about how good this movie was.,1,i can t stop thinking about how good this movie was
The story was engaging and the characters were well-developed. I loved it.,1,the story was engaging and the characters were well developed i loved it
A complete disaster from start to finish. Zero stars.,0,a complete disaster from start to finish zero stars
Don't waste your money on this garbage movie.,0,don t waste your money on this garbage movie
I walked out of the theater. It was that bad.,0,i walked out of the theater it was that bad
The acting was superb and the dialogue was witty and engaging.,1,the acting was superb and the dialogue was witty and engaging
A complete disaster from start to finish. Zero stars.,0,a complete disaster from start to finish zero stars
The cinematography in this film was breathtaking. A visual masterpiece.,1,the cinematography in this film was breathtaking a visual masterpiece
I absolutely loved this movie. The story was engaging and the characters were well-developed.,1,i absolutely loved this movie the story was engaging and the characters were well developed
I want my money back. This movie was a huge disappointment.,0,i want my money back this movie was a huge disappointment
"I didn't expect to like it, but I was pleasantly surprised by how good it was.",1,i didn t expect to like it but i was pleasantly surprised by how good it was
The cinematography was beautiful and the performances were outstanding. Highly recommend.,1,the cinematography was beautiful and the performances were outstanding highly recommend
The best film I've seen all year. Absolutely fantastic.,1,the best film i ve seen all year absolutely fantastic
I want my money back. This movie was a huge disappointment.,0,i want my money back this movie was a huge disappointment
A complete disaster from start to finish. Zero stars.,0,a complete disaster from start to finish zero stars
The movie had a slow start but ended up being really enjoyable.,1,the movie had a slow start but ended up being really enjoyable
Poorly directed with terrible special effects. Avoid at all costs.,0,poorly directed with terrible special effects avoid at all costs
The plot made no sense and the dialogue was awful.,0,the plot made no sense and the dialogue was awful
I loved how the film balanced humor and drama so effectively.,1,i loved how the film balanced humor and drama so effectively
The director did an incredible job. I was captivated throughout.,1,the director did an incredible job i was captivated throughout
I can't stop thinking about how good this movie was.,1,i can t stop thinking about how good this movie was
Beautiful cinematography and outstanding performances make this a must-see film.,1,beautiful cinematography and outstanding performances make this a must see film
The plot made no sense and the dialogue was awful.,0,the plot made no sense and the dialogue was awful
I've never been so bored watching a film. Absolutely dreadful.,0,i ve never been so bored watching a film absolutely dreadful
I walked out of the theater. It was that bad.,0,i walked out of the theater it was that bad
The visuals were stunning and the acting was superb in this excellent movie.,1,the visuals were stunning and the acting was superb in this excellent movie
"I didn't expect to like it, but I was pleasantly surprised by how good it was.",1,i didn t expect to like it but i was pleasantly surprised by how good it was
"Despite some flaws, I really enjoyed this film overall.",1,despite some flaws i really enjoyed this film overall
Don't waste your money on this garbage movie.,0,don t waste your money on this garbage movie
The acting was superb and the dialogue was witty and engaging.,1,the acting was superb and the dialogue was witty and engaging
The cinematography was beautiful and the performances were outstanding. Highly recommend.,1,the cinematography was beautiful and the performances were outstanding highly recommend
Don't waste your money on this garbage movie.,0,don t waste your money on this garbage movie
The visuals were stunning and the acting was superb in this excellent movie.,1,the visuals were stunning and the acting was superb in this excellent movie
Beautiful cinematography and outstanding performances make this a must-see film.,1,beautiful cinematography and outstanding performances make this a must see film
This was the worst movie I've ever seen. Terrible acting.,0,this was the worst movie i ve ever seen terrible acting
I absolutely loved this movie. The story was engaging and the characters were well-developed.,1,i absolutely loved this movie the story was engaging and the characters were well developed
Poorly directed with terrible special effects. Avoid at all costs.,0,poorly directed with terrible special effects avoid at all costs
The cinematography in this film was breathtaking. A visual masterpiece.,1,the cinematography in this film was breathtaking a visual masterpiece
The characters were unlikable and the story was predictable.,0,the characters were unlikable and the story was predictable
I want my money back. This movie was a huge disappointment.,0,i want my money back this movie was a huge disappointment
I walked out of the theater. It was that bad.,0,i walked out of the theater it was that bad
I want my money back. This movie was a huge disappointment.,0,i want my money back this movie was a huge disappointment
The plot made no sense and the dialogue was awful.,0,the plot made no sense and the dialogue was awful
The movie had a slow start but ended up being really enjoyable.,1,the movie had a slow start but ended up being really enjoyable
The characters were unlikable and the story was predictable.,0,the characters were unlikable and the story was predictable
This was the worst movie I've ever seen. Terrible acting.,0,this was the worst movie i ve ever seen terrible acting
A masterpiece of modern cinema. Highly recommended.,1,a masterpiece of modern cinema highly recommended
An outstanding achievement in filmmaking. Loved it!,1,an outstanding achievement in filmmaking loved it
Poorly directed with terrible special effects. Avoid at all costs.,0,poorly directed with terrible special effects avoid at all costs
I hated every minute of this film. Complete waste of time.,0,i hated every minute of this film complete waste of time
The acting was superb and the dialogue was witty and engaging.,1,the acting was superb and the dialogue was witty and engaging
Don't waste your money on this garbage movie.,0,don t waste your money on this garbage movie
Don't waste your money on this garbage movie.,0,don t waste your money on this garbage movie
The story was engaging and the characters were well-developed. I loved it.,1,the story was engaging and the characters were well developed i loved it
The story was engaging and the characters were well-developed. I loved it.,1,the story was engaging and the characters were well developed i loved it
I walked out of the theater. It was that bad.,0,i walked out of the theater it was that bad
"Despite some flaws, I really enjoyed this film overall.",1,despite some flaws i really enjoyed this film overall
I walked out of the theater. It was that bad.,0,i walked out of the theater it was that bad
The characters were unlikable and the story was predictable.,0,the characters were unlikable and the story was predictable
The story was engaging and the characters were well-developed. I loved it.,1,the story was engaging and the characters were well developed i loved it
A complete disaster from start to finish. Zero stars.,0,a complete disaster from start to finish zero stars
This is my favorite movie of all time. Perfect in every way.,1,this is my favorite movie of all time perfect in every way
This is my favorite movie of all time. Perfect in every way.,1,this is my favorite movie of all time perfect in every way
The best film I've seen all year. Absolutely fantastic.,1,the best film i ve seen all year absolutely fantastic
"Despite some flaws, I really enjoyed this film overall.",1,despite some flaws i really enjoyed this film overall
The best film I've seen all year. Absolutely fantastic.,1,the best film i ve seen all year absolutely fantastic
Beautiful cinematography and outstanding performances make this a must-see film.,1,beautiful cinematography and outstanding performances make this a must see film
An outstanding achievement in filmmaking. Loved it!,1,an outstanding achievement in filmmaking loved it
This movie was amazing! I loved every minute of it.,1,this movie was amazing i loved every minute of it
I've never been so bored watching a film. Absolutely dreadful.,0,i ve never been so bored watching a film absolutely dreadful
A heartwarming story with characters you can't help but root for.,1,a heartwarming story with characters you can t help but root for
This was the worst movie I've ever seen. Terrible acting.,0,this was the worst movie i ve ever seen terrible acting
I've never been so bored watching a film. Absolutely dreadful.,0,i ve never been so bored watching a film absolutely dreadful
Brilliant performances by all the actors. A must-watch.,1,brilliant performances by all the actors a must watch
The plot made no sense and the dialogue was awful.,0,the plot made no sense and the dialogue was awful
The plot made no sense and the dialogue was awful.,0,the plot made no sense and the dialogue was awful
I walked out of the theater. It was that bad.,0,i walked out of the theater it was that bad
This was the worst movie I've ever seen. Terrible acting.,0,this was the worst movie i ve ever seen terrible acting
I want my money back. This movie was a huge disappointment.,0,i want my money back this movie was a huge disappointment
Five stars! This movie exceeded all my expectations.,1,five stars this movie exceeded all my expectations
I've never been so bored watching a film. Absolutely dreadful.,0,i ve never been so bored watching a film absolutely dreadful
The plot made no sense and the dialogue was awful.,0,the plot made no sense and the dialogue was awful
A heartwarming story with characters you can't help but root for.,1,a heartwarming story with characters you can t help but root for
The story was engaging and the characters were well-developed. I loved it.,1,the story was engaging and the characters were well developed i loved it
The cinematography was beautiful and the performances were outstanding. Highly recommend.,1,the cinematography was beautiful and the performances were outstanding highly recommend
The movie had a slow start but ended up being really enjoyable.,1,the movie had a slow start but ended up being really enjoyable
Five stars! This movie exceeded all my expectations.,1,five stars this movie exceeded all my expectations
This movie was amazing! I loved every minute of it.,1,this movie was amazing i loved every minute of it
A heartwarming story with characters you can't help but root for.,1,a heartwarming story with characters you can t help but root for
I absolutely loved this movie. The story was engaging and the characters were well-developed.,1,i absolutely loved this movie the story was engaging and the characters were well developed
I thoroughly enjoyed this film from start to finish.,1,i thoroughly enjoyed this film from start to finish
The plot made no sense and the dialogue was awful.,0,the plot made no sense and the dialogue was awful
The acting was superb and the dialogue was witty and engaging.,1,the acting was superb and the dialogue was witty and engaging
I thoroughly enjoyed this film from start to finish.,1,i thoroughly enjoyed this film from start to finish
I walked out of the theater. It was that bad.,0,i walked out of the theater it was that bad
The visuals were stunning and the acting was superb in this excellent movie.,1,the visuals were stunning and the acting was superb in this excellent movie
"Despite some flaws, I really enjoyed this film overall.",1,despite some flaws i really enjoyed this film overall
I hated every minute of this film. Complete waste of time.,0,i hated every minute of this film complete waste of time
A complete disaster from start to finish. Zero stars.,0,a complete disaster from start to finish zero stars
Well-developed characters and an engaging storyline made this film a joy to watch.,1,well developed characters and an engaging storyline made this film a joy to watch
Don't waste your money on this garbage movie.,0,don t waste your money on this garbage movie
The characters were unlikable and the story was predictable.,0,the characters were unlikable and the story was predictable
I hated every minute of this film. Complete waste of time.,0,i hated every minute of this film complete waste of time
This movie was amazing! I loved every minute of it.,1,this movie was amazing i loved every minute of it
"Despite some flaws, I really enjoyed this film overall.",1,despite some flaws i really enjoyed this film overall
"Despite some flaws, I really enjoyed this film overall.",1,despite some flaws i really enjoyed this film overall
A heartwarming story with characters you can't help but root for.,1,a heartwarming story with characters you can t help but root for
The plot made no sense and the dialogue was awful.,0,the plot made no sense and the dialogue was awful
I want my money back. This movie was a huge disappointment.,0,i want my money back this movie was a huge disappointment
Well-developed characters and an engaging storyline made this film a joy to watch.,1,well developed characters and an engaging storyline made this film a joy to watch
A masterpiece of modern cinema. Highly recommended.,1,a masterpiece of modern cinema highly recommended
The visuals were stunning and the acting was superb in this excellent movie.,1,the visuals were stunning and the acting was superb in this excellent movie
Great performances by the entire cast. I was impressed by their talent.,1,great performances by the entire cast i was impressed by their talent
I thoroughly enjoyed this film from start to finish.,1,i thoroughly enjoyed this film from start to finish
I thoroughly enjoyed this film from start to finish.,1,i thoroughly enjoyed this film from start to finish
The plot made no sense and the dialogue was awful.,0,the plot made no sense and the dialogue was awful
This movie was amazing! I loved every minute of it.,1,this movie was amazing i loved every minute of it
The acting was superb and the dialogue was witty and engaging.,1,the acting was superb and the dialogue was witty and engaging
I walked out of the theater. It was that bad.,0,i walked out of the theater it was that bad
I walked out of the theater. It was that bad.,0,i walked out of the theater it was that bad
The acting was superb and the dialogue was witty and engaging.,1,the acting was superb and the dialogue was witty and engaging
The visuals were stunning and the acting was superb in this excellent movie.,1,the visuals were stunning and the acting was superb in this excellent movie
I hated every minute of this film. Complete waste of time.,0,i hated every minute of this film complete waste of time
Poorly directed with terrible special effects. Avoid at all costs.,0,poorly directed with terrible special effects avoid at all costs
Don't waste your money on this garbage movie.,0,don t waste your money on this garbage movie
"I didn't expect to like it, but I was pleasantly surprised by how good it was.",1,i didn t expect to like it but i was pleasantly surprised by how good it was
The acting was superb and the dialogue was witty and engaging.,1,the acting was superb and the dialogue was witty and engaging
I can't stop thinking about how good this movie was.,1,i can t stop thinking about how good this movie was
I thoroughly enjoyed this film from start to finish.,1,i thoroughly enjoyed this film from start to finish
A masterpiece of modern cinema. Highly recommended.,1,a masterpiece of modern cinema highly recommended
I absolutely loved this movie. The story was engaging and the characters were well-developed.,1,i absolutely loved this movie the story was engaging and the characters were well developed
I walked out of the theater. It was that bad.,0,i walked out of the theater it was that bad
The plot twists kept me on the edge of my seat. Great movie!,1,the plot twists kept me on the edge of my seat great movie
This was the worst movie I've ever seen. Terrible acting.,0,this was the worst movie i ve ever seen terrible acting
I hated every minute of this film. Complete waste of time.,0,i hated every minute of this film complete waste of time
This is my favorite movie of all time. Perfect in every way.,1,this is my favorite movie of all time perfect in every way
This is my favorite movie of all time. Perfect in every way.,1,this is my favorite movie of all time perfect in every way
This was the worst movie I've ever seen. Terrible acting.,0,this was the worst movie i ve ever seen terrible acting
The cinematography in this film was breathtaking. A visual masterpiece.,1,the cinematography in this film was breathtaking a visual masterpiece
"Despite some flaws, I really enjoyed this film overall.",1,despite some flaws i really enjoyed this film overall
Brilliant performances by all the actors. A must-watch.,1,brilliant performances by all the actors a must watch
The plot made no sense and the dialogue was awful.,0,the plot made no sense and the dialogue was awful
The director did an incredible job. I was captivated throughout.,1,the director did an incredible job i was captivated throughout
A masterpiece of modern cinema. Highly recommended.,1,a masterpiece of modern cinema highly recommended
I want my money back. This movie was a huge disappointment.,0,i want my money back this movie was a huge disappointment
Great performances by the entire cast. I was impressed by their talent.,1,great performances by the entire cast i was impressed by their talent
A complete disaster from start to finish. Zero stars.,0,a complete disaster from start to finish zero stars
This was the worst movie I've ever seen. Terrible acting.,0,this was the worst movie i ve ever seen terrible acting
I want my money back. This movie was a huge disappointment.,0,i want my money back this movie was a huge disappointment
The story was engaging and the characters were well-developed. I loved it.,1,the story was engaging and the characters were well developed i loved it
This was the worst movie I've ever seen. Terrible acting.,0,this was the worst movie i ve ever seen terrible acting
The visuals were stunning and the acting was superb in this excellent movie.,1,the visuals were stunning and the acting was superb in this excellent movie
I want my money back. This movie was a huge disappointment.,0,i want my money back this movie was a huge disappointment
This movie was amazing! I loved every minute of it.,1,this movie was amazing i loved every minute of it
I walked out of the theater. It was that bad.,0,i walked out of the theater it was that bad
I walked out of the theater. It was that bad.,0,i walked out of the theater it was that bad
Brilliant performances by all the actors. A must-watch.,1,brilliant performances by all the actors a must watch
A complete disaster from start to finish. Zero stars.,0,a complete disaster from start to finish zero stars
The cinematography in this film was breathtaking. A visual masterpiece.,1,the cinematography in this film was breathtaking a visual masterpiece
This is my favorite movie of all time. Perfect in every way.,1,this is my favorite movie of all time perfect in every way
The plot twists kept me on the edge of my seat. Great movie!,1,the plot twists kept me on the edge of my seat great movie
This movie was amazing! I loved every minute of it.,1,this movie was amazing i loved every minute of it
I walked out of the theater. It was that bad.,0,i walked out of the theater it was that bad
A complete disaster from start to finish. Zero stars.,0,a complete disaster from start to finish zero stars
Poorly directed with terrible special effects. Avoid at all costs.,0,poorly directed with terrible special effects avoid at all costs
A complete disaster from start to finish. Zero stars.,0,a complete disaster from start to finish zero stars
The movie had a slow start but ended up being really enjoyable.,1,the movie had a slow start but ended up being really enjoyable
The best film I've seen all year. Absolutely fantastic.,1,the best film i ve seen all year absolutely fantastic
The director did an incredible job. I was captivated throughout.,1,the director did an incredible job i was captivated throughout
The visuals were stunning and the acting was superb in this excellent movie.,1,the visuals were stunning and the acting was superb in this excellent movie
The characters were unlikable and the story was predictable.,0,the characters were unlikable and the story was predictable
A complete disaster from start to finish. Zero stars.,0,a complete disaster from start to finish zero stars
Brilliant performances by all the actors. A must-watch.,1,brilliant performances by all the actors a must watch
The movie had a slow start but ended up being really enjoyable.,1,the movie had a slow start but ended up being really enjoyable
The plot made no sense and the dialogue was awful.,0,the plot made no sense and the dialogue was awful
The cinematography was beautiful and the performances were outstanding. Highly recommend.,1,the cinematography was beautiful and the performances were outstanding highly recommend
A heartwarming story with characters you can't help but root for.,1,a heartwarming story with characters you can t help but root for
I want my money back. This movie was a huge disappointment.,0,i want my money back this movie was a huge disappointment
The movie had a slow start but ended up being really enjoyable.,1,the movie had a slow start but ended up being really enjoyable
Don't waste your money on this garbage movie.,0,don t waste your money on this garbage movie
The cinematography was beautiful and the performances were outstanding. Highly recommend.,1,the cinematography was beautiful and the performances were outstanding highly recommend
Don't waste your money on this garbage movie.,0,don t waste your money on this garbage movie
Beautiful cinematography and outstanding performances make this a must-see film.,1,beautiful cinematography and outstanding performances make this a must see film
The cinematography in this film was breathtaking. A visual masterpiece.,1,the cinematography in this film was breathtaking a visual masterpiece
I hated every minute of this film. Complete waste of time.,0,i hated every minute of this film complete waste of time
This movie was amazing! I loved every minute of it.,1,this movie was amazing i loved every minute of it
Beautiful cinematography and outstanding performances make this a must-see film.,1,beautiful cinematography and outstanding performances make this a must see film
The movie had a slow start but ended up being really enjoyable.,1,the movie had a slow start but ended up being really enjoyable
I hated every minute of this film. Complete waste of time.,0,i hated every minute of this film complete waste of time
The best film I've seen all year. Absolutely fantastic.,1,the best film i ve seen all year absolutely fantastic
The story was engaging and the characters were well-developed. I loved it.,1,the story was engaging and the characters were well developed i loved it
Five stars! This movie exceeded all my expectations.,1,five stars this movie exceeded all my expectations
I hated every minute of this film. Complete waste of time.,0,i hated every minute of this film complete waste of time
I've never been so bored watching a film. Absolutely dreadful.,0,i ve never been so bored watching a film absolutely dreadful
I hated every minute of this film. Complete waste of time.,0,i hated every minute of this film complete waste of time
I thoroughly enjoyed this film from start to finish.,1,i thoroughly enjoyed this film from start to finish
An outstanding achievement in filmmaking. Loved it!,1,an outstanding achievement in filmmaking loved it
I've never been so bored watching a film. Absolutely dreadful.,0,i ve never been so bored watching a film absolutely dreadful
This was the worst movie I've ever seen. Terrible acting.,0,this was the worst movie i ve ever seen terrible acting
Brilliant performances by all the actors. A must-watch.,1,brilliant performances by all the actors a must watch
The characters were unlikable and the story was predictable.,0,the characters were unlikable and the story was predictable
I loved how the film balanced humor and drama so effectively.,1,i loved how the film balanced humor and drama so effectively
Poorly directed with terrible special effects. Avoid at all costs.,0,poorly directed with terrible special effects avoid at all costs
I can't stop thinking about how good this movie was.,1,i can t stop thinking about how good this movie was
I loved how the film balanced humor and drama so effectively.,1,i loved how the film balanced humor and drama so effectively
The plot twists kept me on the edge of my seat. Great movie!,1,the plot twists kept me on the edge of my seat great movie
"I didn't expect to like it, but I was pleasantly surprised by how good it was.",1,i didn t expect to like it but i was pleasantly surprised by how good it was
The plot twists kept me on the edge of my seat. Great movie!,1,the plot twists kept me on the edge of my seat great movie
I've never been so bored watching a film. Absolutely dreadful.,0,i ve never been so bored watching a film absolutely dreadful
I walked out of the theater. It was that bad.,0,i walked out of the theater it was that bad
Five stars! This movie exceeded all my expectations.,1,five stars this movie exceeded all my expectations
I've never been so bored watching a film. Absolutely dreadful.,0,i ve never been so bored watching a film absolutely dreadful
The characters were unlikable and the story was predictable.,0,the characters were unlikable and the story was predictable
Beautiful cinematography and outstanding performances make this a must-see film.,1,beautiful cinematography and outstanding performances make this a must see film
I absolutely loved this movie. The story was engaging and the characters were well-developed.,1,i absolutely loved this movie the story was engaging and the characters were well developed
I hated every minute of this film. Complete waste of time.,0,i hated every minute of this film complete waste of time
The cinematography was beautiful and the performances were outstanding. Highly recommend.,1,the cinematography was beautiful and the performances were outstanding highly recommend
I can't stop thinking about how good this movie was.,1,i can t stop thinking about how good this movie was
I walked out of the theater. It was that bad.,0,i walked out of the theater it was that bad
The movie had a slow start but ended up being really enjoyable.,1,the movie had a slow start but ended up being really enjoyable
